ImgPath,Caption
/home/final_dataset/real/COCO/000000.jpg,A pizza with burned edges is sitting on the table.
/home/final_dataset/real/COCO/000001.jpg,A parked motorcycle sitting on a dirty road.
/home/final_dataset/real/COCO/000002.jpg,A group of people riding in the back of a truck.
/home/final_dataset/real/COCO/000003.jpg,A plate of cooked food in seen in this image.
/home/final_dataset/real/COCO/000004.jpg,A bus traveling down a street next to a tall building.
/home/final_dataset/real/COCO/000005.jpg,"A tray holding a sandwich and cappuccino, next to the pastry."
/home/final_dataset/real/COCO/000006.jpg,A shot of the blue water with people flying a kite.
/home/final_dataset/real/COCO/000007.jpg,A market display case filled with different colored vegetables.
/home/final_dataset/real/COCO/000008.jpg,A young man standing in front of a fence holding a skateboard.
/home/final_dataset/real/COCO/000009.jpg,A little boy wearing a baseball hat holding a baseball bat.
/home/final_dataset/real/COCO/000010.jpg,there are two cats that are laying with each other
/home/final_dataset/real/COCO/000011.jpg,A desert on a plate with a spoon on the side of the plate.
/home/final_dataset/real/COCO/000012.jpg,A man that is sitting in front of a laptop.
/home/final_dataset/real/COCO/000013.jpg,A group of people standing on a field playing disc golf.
/home/final_dataset/real/COCO/000014.jpg,A plate of bananas and sliced oranges covered in butterflies.
/home/final_dataset/real/COCO/000015.jpg,Altered photograph of a case full of paperback novels
/home/final_dataset/real/COCO/000016.jpg,A giraffe facing the camera as its photo is taken.
/home/final_dataset/real/COCO/000017.jpg,A man sits on a chair and plays video games.
/home/final_dataset/real/COCO/000018.jpg,A cow getting relief as it is being milked.
/home/final_dataset/real/COCO/000019.jpg,A cat is on papers on a computer desk.
/home/final_dataset/real/COCO/000020.jpg,A large white sheep next to a small black one
/home/final_dataset/real/COCO/000021.jpg,a hot dog on a plate next to two glasses.
/home/final_dataset/real/COCO/000022.jpg,A woman sitting on the couch with her laptop in the house.
/home/final_dataset/real/COCO/000023.jpg,a group of young people playing baseball in a field
/home/final_dataset/real/COCO/000024.jpg,Two men play a game with Wii remotes.
/home/final_dataset/real/COCO/000025.jpg,"MAN ON A CONTRAPTION, SURROUNDED BY A BICYCLE AND ANOTHER PERSON"
/home/final_dataset/real/COCO/000026.jpg,A couple of people at a table in a kitchen.
/home/final_dataset/real/COCO/000027.jpg,a plate with some vegetables and rice on a plate
/home/final_dataset/real/COCO/000028.jpg,Two people standing on a beach next to the ocean.
/home/final_dataset/real/COCO/000029.jpg,A girl in a jacket and boots with a black umbrella.
/home/final_dataset/real/COCO/000030.jpg,The woman wearing skis and a helmet is standing with skis and ski poles.
/home/final_dataset/real/COCO/000031.jpg,A dog is sitting on an unmade bed with pillows.
/home/final_dataset/real/COCO/000032.jpg,A grey and white cat laying in window sill next to a curtain.
/home/final_dataset/real/COCO/000033.jpg,A man climbing on a toilet bowl in a closet
/home/final_dataset/real/COCO/000034.jpg,a close up of a glass of wine on a table
/home/final_dataset/real/COCO/000035.jpg,An outdoor area with a large bear and two smaller bears facing the wooded tree area.
/home/final_dataset/real/COCO/000036.jpg,Creepy large doll heads laying in giant oversized fake beds.
/home/final_dataset/real/COCO/000037.jpg,A skateboarder is on top of a cement bowl.
/home/final_dataset/real/COCO/000038.jpg,A man standing next to a woman in a living room.
/home/final_dataset/real/COCO/000039.jpg,A very thick pizza is on a plate with one piece taken.
/home/final_dataset/real/COCO/000040.jpg,A man riding a skateboard up a wooden ramp.
/home/final_dataset/real/COCO/000041.jpg,A couple of plates topped with sloppy joes.
/home/final_dataset/real/COCO/000042.jpg,A little girl that is standing with an umbrella.
/home/final_dataset/real/COCO/000043.jpg,A young girl watches a laptop on a bed.
/home/final_dataset/real/COCO/000044.jpg,A bowl of broccoli with sauce over it.
/home/final_dataset/real/COCO/000045.jpg,four men playing frisbee in a fenced park
/home/final_dataset/real/COCO/000046.jpg,A group of airplanes floating over the ocean.
/home/final_dataset/real/COCO/000047.jpg,A blending mixer sitting on a kitchen counter.
/home/final_dataset/real/COCO/000048.jpg,A woman with glasses eating a piece of cake.
/home/final_dataset/real/COCO/000049.jpg,A cat sitting on top of a banana tree.
/home/final_dataset/real/COCO/000050.jpg,A picture of a person standing by a bicycle.
/home/final_dataset/real/COCO/000051.jpg,A man sits on the tires of a car that rests on the ground.
/home/final_dataset/real/COCO/000052.jpg,A group of people sitting around a table.
/home/final_dataset/real/COCO/000053.jpg,A floor filled with the contents of a woman's bag.
/home/final_dataset/real/COCO/000054.jpg,A bathroom that has been gutted with the shower basin the only thing left.
/home/final_dataset/real/COCO/000055.jpg,A toddler celebrates his birthday with a cupcake.
/home/final_dataset/real/COCO/000056.jpg,A tennis player shows controlled excitement while a crowd watches.
/home/final_dataset/real/COCO/000057.jpg,A herd of elephants walking down a river with people riding on their backs.
/home/final_dataset/real/COCO/000058.jpg,A cat sleeping with its head resting on a sneaker.
/home/final_dataset/real/COCO/000059.jpg,A street corner with a brown and white building on it.
/home/final_dataset/real/COCO/000060.jpg,A worn and a new sign for the same Mexican food restaurant.
/home/final_dataset/real/COCO/000061.jpg,A red and yellow bus parked in front of a tall building.
/home/final_dataset/real/COCO/000062.jpg,A woman that is standing up in the grass.
/home/final_dataset/real/COCO/000063.jpg,A person is trying to ski down a snowy slope.
/home/final_dataset/real/COCO/000064.jpg,A white horse drawn carriage in front of a yellow building.
/home/final_dataset/real/COCO/000065.jpg,Three giraffes standing up in a field eating leaves off of trees.
/home/final_dataset/real/COCO/000066.jpg,A bird perched on top of a tree filled with leaves.
/home/final_dataset/real/COCO/000067.jpg,Three bowls filled with vegetables on top of a table.
/home/final_dataset/real/COCO/000068.jpg,Large clock tower sitting in front of a park.
/home/final_dataset/real/COCO/000069.jpg,A woman talking on the phone in front of a person selling apples.
/home/final_dataset/real/COCO/000070.jpg,There is a room with rose wallpaper and a large bed.
/home/final_dataset/real/COCO/000071.jpg,A person standing in shore of beach with a frisbee in the sky.
/home/final_dataset/real/COCO/000072.jpg,A city street filled with lots of traffic and people.
/home/final_dataset/real/COCO/000073.jpg,A wooden wagon with wheels topped with bunches of bananas.
/home/final_dataset/real/COCO/000074.jpg,A plate of food being heated in a microwave.
/home/final_dataset/real/COCO/000075.jpg,A baby girl chews on a stick with a teddy bear in hand.
/home/final_dataset/real/COCO/000076.jpg,A small bird standing on a rocky ground.
/home/final_dataset/real/COCO/000077.jpg,A small herd of buffalo resting on the ither side of the stream.
/home/final_dataset/real/COCO/000078.jpg,The browned cracked crust of a baked berry pie.
/home/final_dataset/real/COCO/000079.jpg,A person sitting down with a tennis racket.
/home/final_dataset/real/COCO/000080.jpg,Donald Duck talking to Minney Mouse at Disney World at Christmas.
/home/final_dataset/real/COCO/000081.jpg,Two dogs in the backyard with blowup toys.
/home/final_dataset/real/COCO/000082.jpg,A train that is going through a city.
/home/final_dataset/real/COCO/000083.jpg,a pink clock tower rises above a tree line
/home/final_dataset/real/COCO/000084.jpg,"Many birds fly around, above an empty beach"
/home/final_dataset/real/COCO/000085.jpg,A group of people standing around sheep on a field.
/home/final_dataset/real/COCO/000086.jpg,some people holding wii tennis motes as they look at a screen
/home/final_dataset/real/COCO/000087.jpg,The clock is on display on the side of the building outside.
/home/final_dataset/real/COCO/000088.jpg,Someone has crawled under the plane to check that everything is operational.
/home/final_dataset/real/COCO/000089.jpg,A man and woman standing over a dinner table with a cake.
/home/final_dataset/real/COCO/000090.jpg,A living room filled with furniture and a book shelf filled with books.
/home/final_dataset/real/COCO/000091.jpg,a person riding a wake board on a body of water
/home/final_dataset/real/COCO/000092.jpg,A motorcycle is parked in a parking lot.
/home/final_dataset/real/COCO/000093.jpg,A burrito sitting on top of a white plate.
/home/final_dataset/real/COCO/000094.jpg,Two zebras are standing together next to the fence.
/home/final_dataset/real/COCO/000095.jpg,A zebra chews a flower in a fenced in field.
/home/final_dataset/real/COCO/000096.jpg,Multiple plates of different types of food on a  table.
/home/final_dataset/real/COCO/000097.jpg,A white passenger train passing a parking lot at night.
/home/final_dataset/real/COCO/000098.jpg,A skateboarder performing a trick on a skateboard.
/home/final_dataset/real/COCO/000099.jpg,A man on a skateboard jumps over a ramp.
/home/final_dataset/real/COCO/000100.jpg,a desk top with a bunch of electronics on it
/home/final_dataset/real/COCO/000101.jpg,A clock tower by street next to cars at night.
/home/final_dataset/real/COCO/000102.jpg,A man holding a tennis racquet on a tennis court.
/home/final_dataset/real/COCO/000103.jpg,A cat sits on a desk next to a keyboard.
/home/final_dataset/real/COCO/000104.jpg,A person cutting a multi layer cake with a knife.
/home/final_dataset/real/COCO/000105.jpg,A group of animals grazing on a lush green field.
/home/final_dataset/real/COCO/000106.jpg,A person kitesurfing over the waves of the ocean's shore.
/home/final_dataset/real/COCO/000107.jpg,Two pizzas sitting in pie pans on top of  a stove.
/home/final_dataset/real/COCO/000108.jpg,A cardinal perches on the side window mirror of a parked sedan.
/home/final_dataset/real/COCO/000109.jpg,Man in motorcycle leathers standing in front of a group of bikes
/home/final_dataset/real/COCO/000110.jpg,Two birds flying in a gray sky next to a mountain.
/home/final_dataset/real/COCO/000111.jpg,Skier performing jump on high altitude ski slope.
/home/final_dataset/real/COCO/000112.jpg,"A kitchen with a counter, window, stove and cutlery."
/home/final_dataset/real/COCO/000113.jpg,A laptop computer sitting on a desk next to a smart phone.
/home/final_dataset/real/COCO/000114.jpg,A cat laying in a green bowl on a wooden table.
/home/final_dataset/real/COCO/000115.jpg,A wedding cake with fresh flower sitting on a table.
/home/final_dataset/real/COCO/000116.jpg,The street is blocked by a truck and a crane.
/home/final_dataset/real/COCO/000117.jpg,A dog eyeballing something cooking in the oven.
/home/final_dataset/real/COCO/000118.jpg,a guy at a table with 6 plates of food around him
/home/final_dataset/real/COCO/000119.jpg,A stop sign is lit up in the dark of night.
/home/final_dataset/real/COCO/000120.jpg,Two men in bow ties standing next to steel rafter.
/home/final_dataset/real/COCO/000121.jpg,An open laptop computer sitting on top of a bed.
/home/final_dataset/real/COCO/000122.jpg,A cats sits on the table with a dog outside.
/home/final_dataset/real/COCO/000123.jpg,The large living room has been decorated in modern furnishings.
/home/final_dataset/real/COCO/000124.jpg,a double deckered bus on a city street
/home/final_dataset/real/COCO/000125.jpg,Cat lethargically on comfy computer chair looking relaxed.
/home/final_dataset/real/COCO/000126.jpg,A white tent with a row of surfboards sitting under it.
/home/final_dataset/real/COCO/000127.jpg,Looking out over a bay with many tourist boats moored
/home/final_dataset/real/COCO/000128.jpg,A pile of junk sitting next to a curb on green grass.
/home/final_dataset/real/COCO/000129.jpg,The encompassing of an outside town in the picture.
/home/final_dataset/real/COCO/000130.jpg,A mixed breed dog in a red collar pants in the heat outdoors.
/home/final_dataset/real/COCO/000131.jpg,Two men sell ties at an outdoor market.
/home/final_dataset/real/COCO/000132.jpg,A woman with an umbrella hat talks on her cell phone.
/home/final_dataset/real/COCO/000133.jpg,"Various street signs including one that reads ""Newlon Hale Village."""
/home/final_dataset/real/COCO/000134.jpg,A classroom of small children eating pizza.
/home/final_dataset/real/COCO/000135.jpg,A kitchen with a granite counter top and faucet.
/home/final_dataset/real/COCO/000136.jpg,Several cars are parked in front of a building.
/home/final_dataset/real/COCO/000137.jpg,Cat wedged between two large oak doors trying to get out.
/home/final_dataset/real/COCO/000138.jpg,A work crew repairs a stop light in the town.
/home/final_dataset/real/COCO/000139.jpg,A bus going to crosstown parked on side of road.
/home/final_dataset/real/COCO/000140.jpg,A man holding a tennis racket and ball as if to start a serve.
/home/final_dataset/real/COCO/000141.jpg,A PERSON LAYING ON A BED WITH THIGH HIGHS AND HEELS
/home/final_dataset/real/COCO/000142.jpg,A bald headed man eating a slice of cake.
/home/final_dataset/real/COCO/000143.jpg,A white tray topped with lots of different coffee cups.
/home/final_dataset/real/COCO/000144.jpg,A large bus on the side of the road.
/home/final_dataset/real/COCO/000145.jpg,Two people are at a computer desk with a mouse.
/home/final_dataset/real/COCO/000146.jpg,Man looking over paperwork while holding pen on desk.
/home/final_dataset/real/COCO/000147.jpg,A cat outside looking through a window.
/home/final_dataset/real/COCO/000148.jpg,Man and woman holding a knife up to a small cake.
/home/final_dataset/real/COCO/000149.jpg,Several fishing vessels docked at the docks in harbor.
/home/final_dataset/real/COCO/000150.jpg,Several plates of food are set on a table.
/home/final_dataset/real/COCO/000151.jpg,a man and a woman are holding video game controllers
/home/final_dataset/real/COCO/000152.jpg,Two tall giraffes standing next to each other by trees.
/home/final_dataset/real/COCO/000153.jpg,A wooden table topped with a bunch of green bananas.
/home/final_dataset/real/COCO/000154.jpg,a group of people sitting together eating pizza
/home/final_dataset/real/COCO/000155.jpg,a man wearing a wet suit riding the wave
/home/final_dataset/real/COCO/000156.jpg,A bride and groom cutting their wedding cake.
/home/final_dataset/real/COCO/000157.jpg,There is a dog holding a Frisbee in its mouth.
/home/final_dataset/real/COCO/000158.jpg,Young man in orange jersey swinging a baseball bat.
/home/final_dataset/real/COCO/000159.jpg,A group of people walking down a mountain road.
/home/final_dataset/real/COCO/000160.jpg,A young man in a red shirt is throwing a frisbee.
/home/final_dataset/real/COCO/000161.jpg,A street sign prohibiting vehicles in front of a store.
/home/final_dataset/real/COCO/000162.jpg,A couple of zebra eating a small pile of hay.
/home/final_dataset/real/COCO/000163.jpg,A laptop on a table with some chairs.
/home/final_dataset/real/COCO/000164.jpg,a cat laying on a luggage bag on the ground
/home/final_dataset/real/COCO/000165.jpg,A laptop and a computer mouse on a desk.
/home/final_dataset/real/COCO/000166.jpg,A baby laying on a floor next to a purple cell phone.
/home/final_dataset/real/COCO/000167.jpg,A red and white bicycle next to a building and door.
/home/final_dataset/real/COCO/000168.jpg,A blue sign points the way to the road.
/home/final_dataset/real/COCO/000169.jpg,A street scene of a self service parking lot.
/home/final_dataset/real/COCO/000170.jpg,A person trying to throw a frisbee and another trying to block the throw.
/home/final_dataset/real/COCO/000171.jpg,A woman standing next to a light pole by a street.
/home/final_dataset/real/COCO/000172.jpg,A cat resting on a laptop next to a person.
/home/final_dataset/real/COCO/000173.jpg,People walking on sand next to a mountainous area.
/home/final_dataset/real/COCO/000174.jpg,Two street signs on top of a stop sign.
/home/final_dataset/real/COCO/000175.jpg,A group of people that are sitting on a log.
/home/final_dataset/real/COCO/000176.jpg,A turboprop airplane that is in the hangar for repair.
/home/final_dataset/real/COCO/000177.jpg,A zebra standing on top of a grass covered field.
/home/final_dataset/real/COCO/000178.jpg,A man holding a piece of food by a string.
/home/final_dataset/real/COCO/000179.jpg,A man in black carrying a sheep on his shoulders.
/home/final_dataset/real/COCO/000180.jpg,Two giraffes grazing on some green leaves in the field.
/home/final_dataset/real/COCO/000181.jpg,A purple flower is in a watering can on the window sill.
/home/final_dataset/real/COCO/000182.jpg,A man jumps as he skates on a pavement
/home/final_dataset/real/COCO/000183.jpg,a man standing in front of the grill of a  hot dog stand.
/home/final_dataset/real/COCO/000184.jpg,A young lad swings his Wilson tennis racquet.
/home/final_dataset/real/COCO/000185.jpg,a street light is on at the top of a hilll
/home/final_dataset/real/COCO/000186.jpg,A person hitting a tennis ball with a racquet.
/home/final_dataset/real/COCO/000187.jpg,a refrigerator in a room next to a wall
/home/final_dataset/real/COCO/000188.jpg,She is cross-country skiing for the exercise it provides for her.
/home/final_dataset/real/COCO/000189.jpg,A spare bedroom with a bed with a flowered blanket.
/home/final_dataset/real/COCO/000190.jpg,Two women waiting at a bench next to a street.
/home/final_dataset/real/COCO/000191.jpg,"A red. white, and blue fire hydrant on the side of the road."
/home/final_dataset/real/COCO/000192.jpg,A bathroom that has magazine rack and small cabinet.
/home/final_dataset/real/COCO/000193.jpg,A black/white photo of a poolside dining area with the umbrellas colored.
/home/final_dataset/real/COCO/000194.jpg,"Teddybear, kitten and calico cat are all taking a nap on the bed."
/home/final_dataset/real/COCO/000195.jpg,A picture of a recently married couple displayed behind glass.
/home/final_dataset/real/COCO/000196.jpg,A white frosted donut with sprinkles and a jump rope with leather roping next to it.
/home/final_dataset/real/COCO/000197.jpg,two women are cutting and preparing a pizza
/home/final_dataset/real/COCO/000198.jpg,A bird is trying to find food in the water.
/home/final_dataset/real/COCO/000199.jpg,A lamp sitting next to a small bed with a book on top of it.
/home/final_dataset/real/COCO/000200.jpg,A dining table has a large pizza and wine glasses.
/home/final_dataset/real/COCO/000201.jpg,A boy holding two remotes in a room
/home/final_dataset/real/COCO/000202.jpg,A small bathroom with marble tiles and counter.
/home/final_dataset/real/COCO/000203.jpg,Modern kitchen with dinning area and all wood flooring.
/home/final_dataset/real/COCO/000204.jpg,A brown cow under a tree in a grassy area.
/home/final_dataset/real/COCO/000205.jpg,A man holds a controller and keyboard with his hands
/home/final_dataset/real/COCO/000206.jpg,A living room with hard wood flooring and black furniture.
/home/final_dataset/real/COCO/000207.jpg,A white horse is out eating in a field
/home/final_dataset/real/COCO/000208.jpg,A microwave oven sitting next to a device near a fence.
/home/final_dataset/real/COCO/000209.jpg,Several people are seen walking through the airport while waiting for their bags.
/home/final_dataset/real/COCO/000210.jpg,There are meats and vegetables on a flatbread
/home/final_dataset/real/COCO/000211.jpg,A young man holds up a tennis racket.
/home/final_dataset/real/COCO/000212.jpg,A watch set to 12:25 sits on the table.
/home/final_dataset/real/COCO/000213.jpg,A woman playing a Wii game with other people.
/home/final_dataset/real/COCO/000214.jpg,A computer workstation with a laptop and a desktop computer.
/home/final_dataset/real/COCO/000215.jpg,"A plate holding seasoned meat, string beans and one fork."
/home/final_dataset/real/COCO/000216.jpg,A red stop sign next to a blue street sign.
/home/final_dataset/real/COCO/000217.jpg,A small bus parked in front of a bus stop.
/home/final_dataset/real/COCO/000218.jpg,an old passenger bus parked next to a walgreens
/home/final_dataset/real/COCO/000219.jpg,Four picture collage of a snowboarder wearing a red jacket and brown pants going down a snowy mountain side.
/home/final_dataset/real/COCO/000220.jpg,there is a woman about to ski down a hill
/home/final_dataset/real/COCO/000221.jpg,A man and a woman on a blue motorbike are picking up a piece of luggage from a man.
/home/final_dataset/real/COCO/000222.jpg,a glass fish bowl with rocks and weeds in it.
/home/final_dataset/real/COCO/000223.jpg,a chicken meal with carrots broccoli and rice
/home/final_dataset/real/COCO/000224.jpg,A large white bowl sits on a slide out shelf under a microwave.
/home/final_dataset/real/COCO/000225.jpg,Two men wearing suits and hats are walking together.
/home/final_dataset/real/COCO/000226.jpg,A residential bathroom has a modern motel look with upgraded fixtures and accessories.
/home/final_dataset/real/COCO/000227.jpg,There is no image to describe for this question.
/home/final_dataset/real/COCO/000228.jpg,a lady that has a bowl in her hand
/home/final_dataset/real/COCO/000229.jpg,A wooden bench sitting outside of a home.
/home/final_dataset/real/COCO/000230.jpg,An assortment of fruits and vegetable all set together
/home/final_dataset/real/COCO/000231.jpg,A bent traffic light next to the side of a street.
/home/final_dataset/real/COCO/000232.jpg,THERE IS A BENCH IN FRONT OF TE LAKE
/home/final_dataset/real/COCO/000233.jpg,some children are riding on a mini orange train
/home/final_dataset/real/COCO/000234.jpg,A marina filled with boats floating in crystal blue water.
/home/final_dataset/real/COCO/000235.jpg,three men smiling holding a wii controller in their hands
/home/final_dataset/real/COCO/000236.jpg,a close up of a burrito french fries and a cup of fruit
/home/final_dataset/real/COCO/000237.jpg,Colorful bird sitting on a branch of a tree.
/home/final_dataset/real/COCO/000238.jpg,"A living room with colored windows, sofas and chairs."
/home/final_dataset/real/COCO/000239.jpg,A vase filled with red and orange flowers.
/home/final_dataset/real/COCO/000240.jpg,A group of people who are standing outside by a plane and a car.
/home/final_dataset/real/COCO/000241.jpg,A group of three giraffe standing next to each other behind a rock.
/home/final_dataset/real/COCO/000242.jpg,several  wooden boats sitting in the sand
/home/final_dataset/real/COCO/000243.jpg,A person on a motorcycle in the dirt doing tricks.
/home/final_dataset/real/COCO/000244.jpg,"A parking meeter next to a wall that reads ""tie."""
/home/final_dataset/real/COCO/000245.jpg,"Men stand in uniforms, expressionless, in an historic photo."
/home/final_dataset/real/COCO/000246.jpg,A girl with a kite running in the grass.
/home/final_dataset/real/COCO/000247.jpg,A person on a motor bike on a street.
/home/final_dataset/real/COCO/000248.jpg,A very cute flock of sheep in a grassy field.
/home/final_dataset/real/COCO/000249.jpg,a guy standing in front of a few horses.
/home/final_dataset/real/COCO/000250.jpg,a person walking on a snow covered field.
/home/final_dataset/real/COCO/000251.jpg,a cat intently watching something that caught its interest  on tv
/home/final_dataset/real/COCO/000252.jpg,Several cars travelling on a street with several traffic lights.
/home/final_dataset/real/COCO/000253.jpg,Black cows standing in the grass of a pasture.
/home/final_dataset/real/COCO/000254.jpg,A LITTLE ROOM AND DINING ROOM AREA WITH FURNITURE
/home/final_dataset/real/COCO/000255.jpg,A deer standing next to a small deer in a forest.
/home/final_dataset/real/COCO/000256.jpg,some little stones sitting around a dime
/home/final_dataset/real/COCO/000257.jpg,People in a rural area overlooking a mountainous region
/home/final_dataset/real/COCO/000258.jpg,Fast commuter train moving past an outdoor platform.
/home/final_dataset/real/COCO/000259.jpg,A woman that is standing on a tennis court with a racquet.
/home/final_dataset/real/COCO/000260.jpg,an old car in front of an old air plane
/home/final_dataset/real/COCO/000261.jpg,a man that is on a snowy trail
/home/final_dataset/real/COCO/000262.jpg,Baseball team holding batting practice on the field
/home/final_dataset/real/COCO/000263.jpg,two women in swimsuits riding horses in the water
/home/final_dataset/real/COCO/000264.jpg,A giraffe sticks his nose and tongue out of a wire fence to accept something a man is offering him.
/home/final_dataset/real/COCO/000265.jpg,Several fruits and veggies are ready to be eaten.
/home/final_dataset/real/COCO/000266.jpg,A person cross country skiing across a snow filled plain.
/home/final_dataset/real/COCO/000267.jpg,a boy with a green shirt and a black pair of shorts playing soccer
/home/final_dataset/real/COCO/000268.jpg,Street signs are displayed next to a road.
/home/final_dataset/real/COCO/000269.jpg,A pot full of vegetables and ready to be cooked.
/home/final_dataset/real/COCO/000270.jpg,A group of baseball players that are walking in the outfield.
/home/final_dataset/real/COCO/000271.jpg,THERE ARE CITY BUSES THAT ARE LINED ON THE STREET IN FRONT OF THE BUILDING
/home/final_dataset/real/COCO/000272.jpg,Some people in a grass field flying a kite in the sky.
/home/final_dataset/real/COCO/000273.jpg,There is traffic passing by a large building
/home/final_dataset/real/COCO/000274.jpg,Man sitting at a picnic table using a laptop shaded by an umbrella.
/home/final_dataset/real/COCO/000275.jpg,A man has a frisbee in his hand and is standing up.
/home/final_dataset/real/COCO/000276.jpg,a man at a restaurant using his laptop
/home/final_dataset/real/COCO/000277.jpg,A parade of motorcycles is going through a group of tall trees.
/home/final_dataset/real/COCO/000278.jpg,A man in black wetsuit on white surfboard riding wave.
/home/final_dataset/real/COCO/000279.jpg,A microwave with a stuffed animal inside reads 2:46.
/home/final_dataset/real/COCO/000280.jpg,A red car next to a gas station sign and parked blue and silver motorcycles.
/home/final_dataset/real/COCO/000281.jpg,there is a woman sitting on a couch playing a video game
/home/final_dataset/real/COCO/000282.jpg,A man playing tennis who is about to return a serve.
/home/final_dataset/real/COCO/000283.jpg,A grey and orange fire hydrant next to a street.
/home/final_dataset/real/COCO/000284.jpg,The young woman is riding the dolphin in the water.
/home/final_dataset/real/COCO/000285.jpg,Horse with odd striped head and white body in a sanctuary.
/home/final_dataset/real/COCO/000286.jpg,a person in a wheel chair swinging a tennis racket
/home/final_dataset/real/COCO/000287.jpg,a baseball player swinging a baseball bat at a ball
/home/final_dataset/real/COCO/000288.jpg,A girl holding a stuffed teddy bear that has large teeth to her face.
/home/final_dataset/real/COCO/000289.jpg,There is a woman standing on a city street.
/home/final_dataset/real/COCO/000290.jpg,A pair of scissors sitting on top of a wooden box.
/home/final_dataset/real/COCO/000291.jpg,A man is surfing a big wave towards shore.
/home/final_dataset/real/COCO/000292.jpg,A group of men kitboarding over the top of  a large body of water.
/home/final_dataset/real/COCO/000293.jpg,Partially open door leading to a kitchen from a hallway.
/home/final_dataset/real/COCO/000294.jpg,The woman is eating a piece of cake.
/home/final_dataset/real/COCO/000295.jpg,a person riding a skate board on a wave
/home/final_dataset/real/COCO/000296.jpg,A person on skis skiing down a mountain slope.
/home/final_dataset/real/COCO/000297.jpg,A teddy bear leaning against a tree next to the road.
/home/final_dataset/real/COCO/000298.jpg,There is a chili dog in the bun.
/home/final_dataset/real/COCO/000299.jpg,A transit bus riding through a city street at night.
/home/final_dataset/real/COCO/000300.jpg,The teen group is serving pizza and drinks to the younger children.
/home/final_dataset/real/COCO/000301.jpg,a lady on her phone sitting on a curb
/home/final_dataset/real/COCO/000302.jpg,Black and white photograph of a man sitting at a bench.
/home/final_dataset/real/COCO/000303.jpg,A person is bending over to pick something off the ground.
/home/final_dataset/real/COCO/000304.jpg,A gray cat standing on top of a black car.
/home/final_dataset/real/COCO/000305.jpg,People sitting in the stands watching a man play tennis.
/home/final_dataset/real/COCO/000306.jpg,A toilet with an illuminated seat in a restroom.
/home/final_dataset/real/COCO/000307.jpg,A train filled with passengers traveling down railroad tracks.
/home/final_dataset/real/COCO/000308.jpg,Two people standing on a beach next to the ocean.
/home/final_dataset/real/COCO/000309.jpg,A woman wearing a red tennis outfit holding onto a racquet.
/home/final_dataset/real/COCO/000310.jpg,A man who fell asleep with phone on face
/home/final_dataset/real/COCO/000311.jpg,Several different pieces of electronic equipment and computers on a desk.
/home/final_dataset/real/COCO/000312.jpg,A tennis player wearing white holds out his tennis racket as a ball floats in the air near it.
/home/final_dataset/real/COCO/000313.jpg,A restaurant table with a plate of vegetable pizza and garnishment
/home/final_dataset/real/COCO/000314.jpg,there is a male surfer that is riding in the wave
/home/final_dataset/real/COCO/000315.jpg,A group of people standing around a herd of animals in a city.
/home/final_dataset/real/COCO/000316.jpg,A fighter jet plane ascending into the sky.
/home/final_dataset/real/COCO/000317.jpg,a brown teddy bear and some wooden block toys
/home/final_dataset/real/COCO/000318.jpg,Two black bears captured together in night vision.
/home/final_dataset/real/COCO/000319.jpg,A young person riding a skateboard at a skate park.
/home/final_dataset/real/COCO/000320.jpg,A hand is holding a cd by a laptop computer.
/home/final_dataset/real/COCO/000321.jpg,A herd of cattle and zebra standing next to each other on a  field.
/home/final_dataset/real/COCO/000322.jpg,A boy sipping a milk bottle while lying on a bed.
/home/final_dataset/real/COCO/000323.jpg,A cat laying on a bed in front of a book shelf.
/home/final_dataset/real/COCO/000324.jpg,A bathroom has the blue toilet seat off.
/home/final_dataset/real/COCO/000325.jpg,There is an indoor toilet underneath a sign that says please flush.
/home/final_dataset/real/COCO/000326.jpg,A woman standing next to a herd of animals.
/home/final_dataset/real/COCO/000327.jpg,Identical street signs pointing in the opposite directions of each other.
/home/final_dataset/real/COCO/000328.jpg,A bed filled with different types of stuffed animals.
/home/final_dataset/real/COCO/000329.jpg,a yellow and brown fire hydrant on the side of the road
/home/final_dataset/real/COCO/000330.jpg,A man hitting a tennis ball with a bat.
/home/final_dataset/real/COCO/000331.jpg,A giraffe running across a grass covered field.
/home/final_dataset/real/COCO/000332.jpg,Cat in window sill of colored panes on building
/home/final_dataset/real/COCO/000333.jpg,A dessert dish includes sprigs for garnish on this banana dish.
/home/final_dataset/real/COCO/000334.jpg,a view of a kitchen from across the room.
/home/final_dataset/real/COCO/000335.jpg,A woman is cutting into a cake with a large knife.
/home/final_dataset/real/COCO/000336.jpg,a man on his phone in some kind of room
/home/final_dataset/real/COCO/000337.jpg,A man flying through the air while riding a snowboard.
/home/final_dataset/real/COCO/000338.jpg,A Chicago logo boat is traveling in the water.
/home/final_dataset/real/COCO/000339.jpg,A crowd of people standing in the middle of a street.
/home/final_dataset/real/COCO/000340.jpg,a patriotic kite flying through the clear blue sky.
/home/final_dataset/real/COCO/000341.jpg,A white plate with a sandwich and sides on it
/home/final_dataset/real/COCO/000342.jpg,A white toilet sitting next to a bath tub filled with paintings.
/home/final_dataset/real/COCO/000343.jpg,A man with glasses on playing wii with a wii remote in his hand.
/home/final_dataset/real/COCO/000344.jpg,The man is loading luggage suitcases onto the cart in the parking lot.
/home/final_dataset/real/COCO/000345.jpg,The orange cat is sleepy on the window sill.
/home/final_dataset/real/COCO/000346.jpg,a giraffe behind a fence eating grass from a feeder
/home/final_dataset/real/COCO/000347.jpg,A clock tower in the middle of a town square.
/home/final_dataset/real/COCO/000348.jpg,View of high rises on a city street.
/home/final_dataset/real/COCO/000349.jpg,Two people riding on the back of horses near a tall building.
/home/final_dataset/real/COCO/000350.jpg,some people seated at a table with plates of food
/home/final_dataset/real/COCO/000351.jpg,A group of friends hanging out in a kitchen together.
/home/final_dataset/real/COCO/000352.jpg,A cat laying on the floor next to a keyboard.
/home/final_dataset/real/COCO/000353.jpg,an image of a bus that is going down the tracks
/home/final_dataset/real/COCO/000354.jpg,A man in shorts surfing in the ocean
/home/final_dataset/real/COCO/000355.jpg,Waves crashing on the shore with a surfer in the midst
/home/final_dataset/real/COCO/000356.jpg,A woman in black jacket watching a cat eating from pizza box.
/home/final_dataset/real/COCO/000357.jpg,There is a dog on top of a truck outside.
/home/final_dataset/real/COCO/000358.jpg,A man with skis and ski poles is standing next to a hill covered in snow
/home/final_dataset/real/COCO/000359.jpg,A person setting in a chair in a living room with a fireplace and windows.
/home/final_dataset/real/COCO/000360.jpg,A woman holding up a large carrot in a backyard.
/home/final_dataset/real/COCO/000361.jpg,two flatbread pieces covered with different ingredients in between a flight of beers
/home/final_dataset/real/COCO/000362.jpg,Someone is standing near a train that is parked.
/home/final_dataset/real/COCO/000363.jpg,A lemon hangs from a small tree limb near several leaves.
/home/final_dataset/real/COCO/000364.jpg,A small yellow bird on a small branch.
/home/final_dataset/real/COCO/000365.jpg,A large white clock tower filled with light.
/home/final_dataset/real/COCO/000366.jpg,A snow skier is standing on the snow.
/home/final_dataset/real/COCO/000367.jpg,A woman sitting on a unique chair beside a vase.
/home/final_dataset/real/COCO/000368.jpg,A person sitting at table with a cup looking at a cell phone.
/home/final_dataset/real/COCO/000369.jpg,"Two Giraffes are in the wilderness, possibly eating."
/home/final_dataset/real/COCO/000370.jpg,A man in a hat leaning against a pole
/home/final_dataset/real/COCO/000371.jpg,A bus that is driving down the road.
/home/final_dataset/real/COCO/000372.jpg,A pond of water with three giraffe walking in the dirt.
/home/final_dataset/real/COCO/000373.jpg,A moped is parked next to bicycles on a sidewalk.
/home/final_dataset/real/COCO/000374.jpg,A duck standing on a pile of debris in water
/home/final_dataset/real/COCO/000375.jpg,Three young men playing Wii on a projection television.
/home/final_dataset/real/COCO/000376.jpg,A man standing with his motorcycle outside of a repair shop.
/home/final_dataset/real/COCO/000377.jpg,A living room with a fire place and furniture.
/home/final_dataset/real/COCO/000378.jpg,a child blows out the candles on a birthday cake.
/home/final_dataset/real/COCO/000379.jpg,A woman flies a kite near a young child.
/home/final_dataset/real/COCO/000380.jpg,A large living room is seen in this image.
/home/final_dataset/real/COCO/000381.jpg,A keyboard and mouse sitting on a desk.
/home/final_dataset/real/COCO/000382.jpg,"A living area with a red couch, mirror, window and painting."
/home/final_dataset/real/COCO/000383.jpg,A close-up of a misshapen piece of pizza and a can of soda.
/home/final_dataset/real/COCO/000384.jpg,"People inside a commuter train, with their luggage and bicycles."
/home/final_dataset/real/COCO/000385.jpg,A phone mounted to a wall next to a doorway.
/home/final_dataset/real/COCO/000386.jpg,a lime and green bus parked on a grass field parking lot.
/home/final_dataset/real/COCO/000387.jpg,Woman on a motorcycle with a sidecar in front of scenic backdrop in a showroom.
/home/final_dataset/real/COCO/000388.jpg,Tug boats do a good job handling water emergencies.
/home/final_dataset/real/COCO/000389.jpg,A young man kissing the top of a young woman's head.
/home/final_dataset/real/COCO/000390.jpg,some oranges that are sitting on some wood
/home/final_dataset/real/COCO/000391.jpg,A group of people standing on ski's in the snow.
/home/final_dataset/real/COCO/000392.jpg,A beautiful young woman swinging a tennis racquet on a tennis court.
/home/final_dataset/real/COCO/000393.jpg,A traffic sign that has a picture of a man holding a surfboard on it.
/home/final_dataset/real/COCO/000394.jpg,A man laying on top of a tennis court while holding a tennis racquet.
/home/final_dataset/real/COCO/000395.jpg,A street sign shows directions to highways and towns.
/home/final_dataset/real/COCO/000396.jpg,A woman walking down a street talking on a cell phone.
/home/final_dataset/real/COCO/000397.jpg,The banana is laying next to an almost empty bowl.
/home/final_dataset/real/COCO/000398.jpg,A small black dog sitting in an orange checkered chair.
/home/final_dataset/real/COCO/000399.jpg,Several rows of donuts sitting on a table.
/home/final_dataset/real/COCO/000400.jpg,"A view of a kitchen with cabinets, a sink and a clothes washer."
/home/final_dataset/real/COCO/000401.jpg,A tennis player stands on a court holding a racket and smiles.
/home/final_dataset/real/COCO/000402.jpg,A very tall clock tower towering over a city at night.
/home/final_dataset/real/COCO/000403.jpg,A young boy standing on a field next to a giraffe.
/home/final_dataset/real/COCO/000404.jpg,Two teddy ears are hanging in a window.
/home/final_dataset/real/COCO/000405.jpg,A white bus is driving down the street
/home/final_dataset/real/COCO/000406.jpg,Large canoe with many people on lake with trees lining shore.
/home/final_dataset/real/COCO/000407.jpg,A man sitting at a bar being served by a woman
/home/final_dataset/real/COCO/000408.jpg,Two men smiling and taking a picture together.
/home/final_dataset/real/COCO/000409.jpg,An orange sign pointing to the right sitting on a sidewalk.
/home/final_dataset/real/COCO/000410.jpg,A person fills jars with orange slices from a large bowl.
/home/final_dataset/real/COCO/000411.jpg,A man looking at camera preparing food in kitchen
/home/final_dataset/real/COCO/000412.jpg,this is man riding a wave on a board
/home/final_dataset/real/COCO/000413.jpg,a group of beginner snow skiers having class
/home/final_dataset/real/COCO/000414.jpg,A trolley is going down the street while a car passes it.
/home/final_dataset/real/COCO/000415.jpg,A bus traveling down a curvy road behind a black car.
/home/final_dataset/real/COCO/000416.jpg,A close up of the stop sign and to street signs.
/home/final_dataset/real/COCO/000417.jpg,A orange calico cat on top of a vehicle.
/home/final_dataset/real/COCO/000418.jpg,a bath room with sinks and mirrors
/home/final_dataset/real/COCO/000419.jpg,a couple of horse that are next to a fence
/home/final_dataset/real/COCO/000420.jpg,A Victorian house looked very much like this model one does.
/home/final_dataset/real/COCO/000421.jpg,Two planes are close together in the sky.
/home/final_dataset/real/COCO/000422.jpg,there are three vases made of clay on a table
/home/final_dataset/real/COCO/000423.jpg,The roll of toilet paper beside the toilet is empty.
/home/final_dataset/real/COCO/000424.jpg,"Glasses of wine, salad and french bread on a wooden table."
/home/final_dataset/real/COCO/000425.jpg,A person jumping a horse over a box.
/home/final_dataset/real/COCO/000426.jpg,A pair of girls are cooking in one pan together.
/home/final_dataset/real/COCO/000427.jpg,A large long train with man inside on the track.
/home/final_dataset/real/COCO/000428.jpg,A person holding up a chocolate doughnut with a face drawn on it.
/home/final_dataset/real/COCO/000429.jpg,A man has a red water bottle up to his mouth.
/home/final_dataset/real/COCO/000430.jpg,A table topped with a train styled cake.
/home/final_dataset/real/COCO/000431.jpg,A toilet sitting in a room surrounded by personal items.
/home/final_dataset/real/COCO/000432.jpg,a guy doing a skateboard trick along a concrete railing
/home/final_dataset/real/COCO/000433.jpg,A group of people standing in a room.
/home/final_dataset/real/COCO/000434.jpg,Two cows standing and grazing in an open pasture.
/home/final_dataset/real/COCO/000435.jpg,A baseball game showing a batter waiting for a pitch.
/home/final_dataset/real/COCO/000436.jpg,A vase filled with yellow and white flowers.
/home/final_dataset/real/COCO/000437.jpg,A person playing the Nintendo Wii in their messy living room
/home/final_dataset/real/COCO/000438.jpg,A red fire hydrant sitting on a patch of green grass.
/home/final_dataset/real/COCO/000439.jpg,Decorated coffee cup and knife sitting on a patterned surface.
/home/final_dataset/real/COCO/000440.jpg,a man riding a blue surfboard on top of a wave.
/home/final_dataset/real/COCO/000441.jpg,A brown teddy bear sitting in a red chair.
/home/final_dataset/real/COCO/000442.jpg,A red and yellow train is shown on the train tracks.
/home/final_dataset/real/COCO/000443.jpg,A pile of pineapple sitting next to a pile of bananas.
/home/final_dataset/real/COCO/000444.jpg,A beach is full of umbrellas and beach chairs.
/home/final_dataset/real/COCO/000445.jpg,A clock is shown on the side of a sign.
/home/final_dataset/real/COCO/000446.jpg,A man that has glasses and a hat.
/home/final_dataset/real/COCO/000447.jpg,a sleeping child in a bed with a black and white cover
/home/final_dataset/real/COCO/000448.jpg,A statue of the virgin Mary holding an orb of light.
/home/final_dataset/real/COCO/000449.jpg,a couple of zebras that are running through some grass
/home/final_dataset/real/COCO/000450.jpg,A group of zebras walking away from trees.
/home/final_dataset/real/COCO/000451.jpg,"An orange, white, and gray train is sitting at the platform."
/home/final_dataset/real/COCO/000452.jpg,"A lady hold a game controller, pointed towards a laptop."
/home/final_dataset/real/COCO/000453.jpg,A crowd of people standing on a field flying kites.
/home/final_dataset/real/COCO/000454.jpg,a couple of people that are biking down a road
/home/final_dataset/real/COCO/000455.jpg,"A hotdog, fries and a drink sit on a table beside a book."
/home/final_dataset/real/COCO/000456.jpg,"Two surfers catching two different waves, one after the other."
/home/final_dataset/real/COCO/000457.jpg,A group of people flying kites at the beach
/home/final_dataset/real/COCO/000458.jpg,A cat sitting on top of a bench in a field.
/home/final_dataset/real/COCO/000459.jpg,A yellow and a green motorcycle in the back of an auditorium.
/home/final_dataset/real/COCO/000460.jpg,A row of doughnuts being passed through a fryer.
/home/final_dataset/real/COCO/000461.jpg,A living room with a mat on a floor and a book shelf filled with books.
/home/final_dataset/real/COCO/000462.jpg,Woman listening on her phone while smoking a cigarette.
/home/final_dataset/real/COCO/000463.jpg,an old woman is in front of some food on a table
/home/final_dataset/real/COCO/000464.jpg,A laptop computer sitting on top of a wooden desk.
/home/final_dataset/real/COCO/000465.jpg,Large commercial cargo plane sits on tarmac next to radar equipment.
/home/final_dataset/real/COCO/000466.jpg,A man on a skateboard is coming up a ramp.
/home/final_dataset/real/COCO/000467.jpg,Part of train car with a door to the rear connected to the car behind it
/home/final_dataset/real/COCO/000468.jpg,a small child laying in bed playing nintendo wii
/home/final_dataset/real/COCO/000469.jpg,An animal grazing on a lush field of green grass.
/home/final_dataset/real/COCO/000470.jpg,A majestic bear looks out across a grass plain.
/home/final_dataset/real/COCO/000471.jpg,A wooden desk sitting in a living room with a monitor on top of it.
/home/final_dataset/real/COCO/000472.jpg,Two college age boys playing Wii while others look on
/home/final_dataset/real/COCO/000473.jpg,A white plate topped with a pizza and cheese.
/home/final_dataset/real/COCO/000474.jpg,The couple are getting ready to cut the cake.
/home/final_dataset/real/COCO/000475.jpg,Little girl holding up a big stuffed animal with other children in background.
/home/final_dataset/real/COCO/000476.jpg,A man playing Wii on a large flat screen tv
/home/final_dataset/real/COCO/000477.jpg,A small elephant walks up to the fence in a zoo.
/home/final_dataset/real/COCO/000478.jpg,People watching off the side of a cruise ship as a life boat is lowered.
/home/final_dataset/real/COCO/000479.jpg,a man on a three wheeler following behind a two dogs and a cow
/home/final_dataset/real/COCO/000480.jpg,A couple of motorcycles parked next to each other.
/home/final_dataset/real/COCO/000481.jpg,A swan in the water near a boat tied to a dock.
/home/final_dataset/real/COCO/000482.jpg,A young boy taking a swing at a tennis ball
/home/final_dataset/real/COCO/000483.jpg,"Several people walking on a sidewalk, with one man holding an umbrella."
/home/final_dataset/real/COCO/000484.jpg,Two adult men stands with a group of little league baseball players for a group photo
/home/final_dataset/real/COCO/000485.jpg,A man wearing a blue tie with the ten commandments on it.
/home/final_dataset/real/COCO/000486.jpg,a small boy is riding a wave on a green yellow and black body board
/home/final_dataset/real/COCO/000487.jpg,"a plate with bacon, eggs and hamburger topped with bananas"
/home/final_dataset/real/COCO/000488.jpg,A person riding the waves on a surf board.
/home/final_dataset/real/COCO/000489.jpg,A young man riding down a hand rail on a skateboard.
/home/final_dataset/real/COCO/000490.jpg,A woman tennis player is about to return the ball.
/home/final_dataset/real/COCO/000491.jpg,A herd of black and white cattle standing on a lush green hillside.
/home/final_dataset/real/COCO/000492.jpg,A plate of chicken and vegetables sits next to a bowl of rice.
/home/final_dataset/real/COCO/000493.jpg,"a surfer riding the waves,on a surf board."
/home/final_dataset/real/COCO/000494.jpg,A woman holding food up to her mouth.
/home/final_dataset/real/COCO/000495.jpg,A blue bus driving down a city street.
/home/final_dataset/real/COCO/000496.jpg,A horse drawn carriage driving down a small road.
/home/final_dataset/real/COCO/000497.jpg,A man who is riding a horse down a brick street.
/home/final_dataset/real/COCO/000498.jpg,A vase filled with flowers next to a smaller vase filled with even more flowers.
/home/final_dataset/real/COCO/000499.jpg,A man with a tennis racket and ball is on a tennis court.
/home/final_dataset/real/COCO/000500.jpg,A group of men standing on the side of a street.
/home/final_dataset/real/COCO/000501.jpg,A group of people skiing down the side of a snow covered mountain.
/home/final_dataset/real/COCO/000502.jpg,A stuffed animal sitting in front of a tooth brush.
/home/final_dataset/real/COCO/000503.jpg,A couple of cows and some birds flying in the sky.
/home/final_dataset/real/COCO/000504.jpg,The woman in the dress is holding her drink.
/home/final_dataset/real/COCO/000505.jpg,a public transit bus on a city street
/home/final_dataset/real/COCO/000506.jpg,A street going trough the center of a small town.
/home/final_dataset/real/COCO/000507.jpg,A large slice of pizza with cheese and marinara sauce on a plate.
/home/final_dataset/real/COCO/000508.jpg,A bird perched on top of a tree branch.
/home/final_dataset/real/COCO/000509.jpg,Two people on a blue and green tennis court.
/home/final_dataset/real/COCO/000510.jpg,A young girl in a white top poses with a yellow tennis racket.
/home/final_dataset/real/COCO/000511.jpg,A row of white teddy bears on shelf next to DVDs.
/home/final_dataset/real/COCO/000512.jpg,A man who is looking at a baseball bat.
/home/final_dataset/real/COCO/000513.jpg,"Two draft horses pulling plow, color, under cloudy skies with trees and other horses in background."
/home/final_dataset/real/COCO/000514.jpg,A table topped with bananas next to a coin.
/home/final_dataset/real/COCO/000515.jpg,A chocolate frosted doughnut sitting on top of a plate.
/home/final_dataset/real/COCO/000516.jpg,The brown horse is walking on the dirt in the fence.
/home/final_dataset/real/COCO/000517.jpg,A train next to a train station with city in background.
/home/final_dataset/real/COCO/000518.jpg,View of a city skyline and train yard at dusk.
/home/final_dataset/real/COCO/000519.jpg,A cartoon dog is painted on the side of the passenger bus.
/home/final_dataset/real/COCO/000520.jpg,A man is riding a large bike through the park.
/home/final_dataset/real/COCO/000521.jpg,An umbrella and rain boots sitting on a rug in a corner.
/home/final_dataset/real/COCO/000522.jpg,"A snowy, icy, empty city street and a stoplight."
/home/final_dataset/real/COCO/000523.jpg,"An assortment of items including a miniature boom box, chair, banana and flashlight."
/home/final_dataset/real/COCO/000524.jpg,a black cat standing in front of a motorcycle
/home/final_dataset/real/COCO/000525.jpg,A camera sits on a tripod connected to a laptop.
/home/final_dataset/real/COCO/000526.jpg,A baseball player holding a bat while standing on a field.
/home/final_dataset/real/COCO/000527.jpg,A bus is driving on a wet road with many green trees on the roadside.
/home/final_dataset/real/COCO/000528.jpg,A large grey horse is behind a wooden fence.
/home/final_dataset/real/COCO/000529.jpg,A few people sitting by a busy street
/home/final_dataset/real/COCO/000530.jpg,A surfboard sitting next to a shopping cart.
/home/final_dataset/real/COCO/000531.jpg,White bowl full of chopped carrots and broccoli.
/home/final_dataset/real/COCO/000532.jpg,A pizza sitting on top of a plate next to a foil bag of food.
/home/final_dataset/real/COCO/000533.jpg,A cluster of black and white sheep hang out by a fence.
/home/final_dataset/real/COCO/000534.jpg,A person walking by stop sign at street intersection.
/home/final_dataset/real/COCO/000535.jpg,Competitive spirit during a competition in mid air
/home/final_dataset/real/COCO/000536.jpg,A very cute cat laying on a rug.
/home/final_dataset/real/COCO/000537.jpg,A bus on the street next to the lamp post.
/home/final_dataset/real/COCO/000538.jpg,A zebra in the grass who is cleaning himself.
/home/final_dataset/real/COCO/000539.jpg,a child riding a skate board on a city street
/home/final_dataset/real/COCO/000540.jpg,A little girl in a pink shirt holding a game controller.
/home/final_dataset/real/COCO/000541.jpg,The side of a bus parked on the side of a street.
/home/final_dataset/real/COCO/000542.jpg,Three women sitting on a train seat on cellphones.
/home/final_dataset/real/COCO/000543.jpg,A big orange sign about street maintenance near a street.
/home/final_dataset/real/COCO/000544.jpg,A large living room with a wall painted green
/home/final_dataset/real/COCO/000545.jpg,Some chairs sit at an island near an open door.
/home/final_dataset/real/COCO/000546.jpg,A person on skis does a trick on a rail.
/home/final_dataset/real/COCO/000547.jpg,An old man making duck lips while holding an orange.
/home/final_dataset/real/COCO/000548.jpg,"A square plate of carrots, spinach and more."
/home/final_dataset/real/COCO/000549.jpg,A digital SLR camera next to a smart phone camera
/home/final_dataset/real/COCO/000550.jpg,A herd of cows standing on a grass covered hillside.
/home/final_dataset/real/COCO/000551.jpg,A child sitting down in front of a bowl.
/home/final_dataset/real/COCO/000552.jpg,large mustard yellow commercial airplane parked in the airport
/home/final_dataset/real/COCO/000553.jpg,A long wooden table with a woman sitting under an umbrella.
/home/final_dataset/real/COCO/000554.jpg,Two sinks that are in a kitchen near a window.
/home/final_dataset/real/COCO/000555.jpg,A park filled with green grass and a tall leaf filled tree.
/home/final_dataset/real/COCO/000556.jpg,an image of a night scene with a cat on top of a car
/home/final_dataset/real/COCO/000557.jpg,Dog smiles while sleeping in a bed room.
/home/final_dataset/real/COCO/000558.jpg,Some kids standing up playing wii with each other
/home/final_dataset/real/COCO/000559.jpg,Two children who are on wake boards in the ocean.
/home/final_dataset/real/COCO/000560.jpg,a shop with a bunch of signs sitting out front
/home/final_dataset/real/COCO/000561.jpg,A motorcycle of some sort parked somewhere during the day.
/home/final_dataset/real/COCO/000562.jpg,two huge elephant with tusks hidden among the trees
/home/final_dataset/real/COCO/000563.jpg,A small child is reaching for the camera.
/home/final_dataset/real/COCO/000564.jpg,Horse in fenced pasture with others grazing on grasses.
/home/final_dataset/real/COCO/000565.jpg,A train sitting idle in an empty train station
/home/final_dataset/real/COCO/000566.jpg,Two trucks parked next to each other on a dirt road.
/home/final_dataset/real/COCO/000567.jpg,A yellow and blue plant flying in a gray sky.
/home/final_dataset/real/COCO/000568.jpg,A baseball player throwing a pitch onto the field
/home/final_dataset/real/COCO/000569.jpg,a man walks along his bicycle near the ocean
/home/final_dataset/real/COCO/000570.jpg,A counter topped with a large white frosted cake sitting next to small pastry.
/home/final_dataset/real/COCO/000571.jpg,Man dressed in leopard robe next to a bed.
/home/final_dataset/real/COCO/000572.jpg,A couch sitting on top of a field of grass.
/home/final_dataset/real/COCO/000573.jpg,a sandwich that has something green and red in it
/home/final_dataset/real/COCO/000574.jpg,A man flying through the air while riding a snowboard.
/home/final_dataset/real/COCO/000575.jpg,A man riding a skateboard on top of a wooden bench.
/home/final_dataset/real/COCO/000576.jpg,A group of brief cases are piled up on the sidewalks.
/home/final_dataset/real/COCO/000577.jpg,A group of men standing around a table of food in wooden room.
/home/final_dataset/real/COCO/000578.jpg,A batter ready to swing at home plate with an umpire and catcher behind him
/home/final_dataset/real/COCO/000579.jpg,The men are up to their knees in the water.
/home/final_dataset/real/COCO/000580.jpg,Parking meters and signage are on the side of the street
/home/final_dataset/real/COCO/000581.jpg,A building with a very pointy roof and a clock.
/home/final_dataset/real/COCO/000582.jpg,A very interesting sandwich containing lots of vegetables.
/home/final_dataset/real/COCO/000583.jpg,A living room with some empty couches in it
/home/final_dataset/real/COCO/000584.jpg,A vase of feathers on a shelf by some art.
/home/final_dataset/real/COCO/000585.jpg,A ghost sitting on a living room chair.
/home/final_dataset/real/COCO/000586.jpg,A group of men standing next to each other.
/home/final_dataset/real/COCO/000587.jpg,A dog in a a cage with a bed and bowl
/home/final_dataset/real/COCO/000588.jpg,a black and white photo of a person holding a sign
/home/final_dataset/real/COCO/000589.jpg,some people and some white sheep in their pens
/home/final_dataset/real/COCO/000590.jpg,The woman is using a laptop that sits on a stack of other laptops.
/home/final_dataset/real/COCO/000591.jpg,a giraffe staring right into the camera
/home/final_dataset/real/COCO/000592.jpg,"A green military jeep, and motorcycle on display."
/home/final_dataset/real/COCO/000593.jpg,A photograph of a sidewalk covered in snow.
/home/final_dataset/real/COCO/000594.jpg,A man flying through the air while riding a snowboard.
/home/final_dataset/real/COCO/000595.jpg,Young girls sitting on wooden decking with decorated cake.
/home/final_dataset/real/COCO/000596.jpg,A black and white scene with two couples under umbrellas and rain jackets sitting at a stadium.
/home/final_dataset/real/COCO/000597.jpg,There is a red car parked next to an old bus.
/home/final_dataset/real/COCO/000598.jpg,A couple of people with some skis in the snow.
/home/final_dataset/real/COCO/000599.jpg,A man and woman that are standing with a surfboard.
/home/final_dataset/real/COCO/000600.jpg,A grass yard area that has several open umbrellas laid on the grass and various people around the roadway area.
/home/final_dataset/real/COCO/000601.jpg,Two people standing on a tennis court playing tennis
/home/final_dataset/real/COCO/000602.jpg,A person riding a brown horse with blonde hair in a green field.
/home/final_dataset/real/COCO/000603.jpg,Two zebras standing side by side in a field.
/home/final_dataset/real/COCO/000604.jpg,Two zebras fighting in a cloud of dust
/home/final_dataset/real/COCO/000605.jpg,a man is standing behind a glass counter
/home/final_dataset/real/COCO/000606.jpg,a small red train is parked at the station
/home/final_dataset/real/COCO/000607.jpg,Two peanut butter and jelly sandwiches sliced in half
/home/final_dataset/real/COCO/000608.jpg,a man with a tennis racket gets ready to swing his racket
/home/final_dataset/real/COCO/000609.jpg,A cake that is sitting in the grass.
/home/final_dataset/real/COCO/000610.jpg,Two people outside of a stone building near a red fire hydrant.
/home/final_dataset/real/COCO/000611.jpg,A crowded airport filled with people carrying luggage.
/home/final_dataset/real/COCO/000612.jpg,a woman with a rope leading a horse
/home/final_dataset/real/COCO/000613.jpg,A man biting into a doughnut with a sly look.
/home/final_dataset/real/COCO/000614.jpg,A decorated truck is parked at a curb near a building.
/home/final_dataset/real/COCO/000615.jpg,an image of a subway bus going thru the subway station
/home/final_dataset/real/COCO/000616.jpg,A room with a tv in the background and a laptop screen in the foreground
/home/final_dataset/real/COCO/000617.jpg,A cute cat laying down in a sink.
/home/final_dataset/real/COCO/000618.jpg,an old black and white photo of a tennis player
/home/final_dataset/real/COCO/000619.jpg,A bus stopped in front of a building with the Apple logo on it.
/home/final_dataset/real/COCO/000620.jpg,A wooden table with a vase of flowers and a television.
/home/final_dataset/real/COCO/000621.jpg,A living room with a large green couch and office desk.
/home/final_dataset/real/COCO/000622.jpg,A person in a field flying a kite in the sky.
/home/final_dataset/real/COCO/000623.jpg,A motorcycle is parked near a puddle and a van.
/home/final_dataset/real/COCO/000624.jpg,A plane is flying away from the airport
/home/final_dataset/real/COCO/000625.jpg,a park bench that has a teddy bear on it
/home/final_dataset/real/COCO/000626.jpg,two little sparrows standing on a table by a knife
/home/final_dataset/real/COCO/000627.jpg,A man standing near the water with an umbrella.
/home/final_dataset/real/COCO/000628.jpg,The train is approaching and a man is getting off his bicycle.
/home/final_dataset/real/COCO/000629.jpg,The picture of three buses on a lot.
/home/final_dataset/real/COCO/000630.jpg,A colorful chain with a note attached is wrapped around a parking meter's post.
/home/final_dataset/real/COCO/000631.jpg,Various different pictures of food in a bowl.
/home/final_dataset/real/COCO/000632.jpg,A boy is riding a skateboard on a wall.
/home/final_dataset/real/COCO/000633.jpg,A group of adult and young elephants walking.
/home/final_dataset/real/COCO/000634.jpg,"An oven with a stove, pots and utensils, and a refrigerator next to it."
/home/final_dataset/real/COCO/000635.jpg,Two birds preparing to eat food off of a plate that was left on a table outside by the ocean.
/home/final_dataset/real/COCO/000636.jpg,A dog wearing a hat standing on some grass.
/home/final_dataset/real/COCO/000637.jpg,The living room and kitchen of a home.
/home/final_dataset/real/COCO/000638.jpg,An old clock is illuminated at night on a street corner.
/home/final_dataset/real/COCO/000639.jpg,A grey and white dog sitting in the passenger side of a car.
/home/final_dataset/real/COCO/000640.jpg,A bowl filled with broccoli soup next to a spoon and fork.
/home/final_dataset/real/COCO/000641.jpg,A frisbee that is laying in the grass near a tree.
/home/final_dataset/real/COCO/000642.jpg,An illuminated floral display forms the centerpiece of the arrangement in this close up of a dining room table setting.
/home/final_dataset/real/COCO/000643.jpg,A man holding a silver flip phone open in front of his face.
/home/final_dataset/real/COCO/000644.jpg,A fire hydrant that has the stars and stripes on it.
/home/final_dataset/real/COCO/000645.jpg,A couple of people riding a pair of skis down a snow covered slope.
/home/final_dataset/real/COCO/000646.jpg,A white piece of cake sitting on top of a plate.
/home/final_dataset/real/COCO/000647.jpg,A goat is standing in a barn by some hay.
/home/final_dataset/real/COCO/000648.jpg,a close up of a toilet and a bath tub with toys
/home/final_dataset/real/COCO/000649.jpg,A parking lot is on the side of the ocean.
/home/final_dataset/real/COCO/000650.jpg,several people are purchasing tickets at a bus station
/home/final_dataset/real/COCO/000651.jpg,A dog in a small bathroom with an orange shower curtain.
/home/final_dataset/real/COCO/000652.jpg,A herd of elephants standing on top of a field.
/home/final_dataset/real/COCO/000653.jpg,A herd of elephants walking across a body of water.
/home/final_dataset/real/COCO/000654.jpg,A group of donkeys on the side of the road.
/home/final_dataset/real/COCO/000655.jpg,A row of parked motorcycles sitting in front of a tall building.
/home/final_dataset/real/COCO/000656.jpg,A white bed sitting between two lamp under a picture.
/home/final_dataset/real/COCO/000657.jpg,a person riding skis on a snowy slope
/home/final_dataset/real/COCO/000658.jpg,"A bus, old cabin cars, and motor cycles with people"
/home/final_dataset/real/COCO/000659.jpg,Fire hydrant sitting in the middle of a hiking area on the side of a gorge.
/home/final_dataset/real/COCO/000660.jpg,A group of women wearing hats while standing at a dessert table.
/home/final_dataset/real/COCO/000661.jpg,A tabby cat siting on an orange chair
/home/final_dataset/real/COCO/000662.jpg,A herd of elephants walking into a large body of water.
/home/final_dataset/real/COCO/000663.jpg,these people are walking together down a road
/home/final_dataset/real/COCO/000664.jpg,A green motorcycle parked on top of a green lawn.
/home/final_dataset/real/COCO/000665.jpg,A black and white cat that is standing on all fours and has an elephant hat on it's head.
/home/final_dataset/real/COCO/000666.jpg,The man is holding the child and lighting the candle.
/home/final_dataset/real/COCO/000667.jpg,A couple of men in front of a television with a remote.
/home/final_dataset/real/COCO/000668.jpg,A store covered in graffiti on a street corner.
/home/final_dataset/real/COCO/000669.jpg,A policeman on a motorcycle at night watching pedestrians cross a street
/home/final_dataset/real/COCO/000670.jpg,A utility truck is parked in the street beside traffic cones.
/home/final_dataset/real/COCO/000671.jpg,A large bus driving down a city street.
/home/final_dataset/real/COCO/000672.jpg,A man is standing on top of two horses and holding the reigns.
/home/final_dataset/real/COCO/000673.jpg,A man knees down on the side of a snow filled mountainside.
/home/final_dataset/real/COCO/000674.jpg,A bus which is part of the Metropolitan Transit System.
/home/final_dataset/real/COCO/000675.jpg,A square of cheesecake on a marble cutting board with a two-pronged fork.
/home/final_dataset/real/COCO/000676.jpg,A woman that is looking at a white remote.
/home/final_dataset/real/COCO/000677.jpg,A mouse is next to a keyboard on a desk
/home/final_dataset/real/COCO/000678.jpg,Bikes are being transported in a subway car.
/home/final_dataset/real/COCO/000679.jpg,A couple of cattle standing on a lush green field.
/home/final_dataset/real/COCO/000680.jpg,A man in the ocean with a dog on a surfboard.
/home/final_dataset/real/COCO/000681.jpg,A herd of giraffe standing next to each other eating.
/home/final_dataset/real/COCO/000682.jpg,a fire hydrant on a city side walk with bushes
/home/final_dataset/real/COCO/000683.jpg,A group of people walking on top of a beach.
/home/final_dataset/real/COCO/000684.jpg,A woman lies on the ground under a suitcase.
/home/final_dataset/real/COCO/000685.jpg,Two young kids interacting in the grocery store produce section.
/home/final_dataset/real/COCO/000686.jpg,a dog that's been playing in the water
/home/final_dataset/real/COCO/000687.jpg,A large zebra and baby zebra standing inside an enclosure eating.
/home/final_dataset/real/COCO/000688.jpg,A baseball player is winding up for the pitch.
/home/final_dataset/real/COCO/000689.jpg,A person holding a broken up cell phone.
/home/final_dataset/real/COCO/000690.jpg,A plastic dish with the food sectioned off.
/home/final_dataset/real/COCO/000691.jpg,A family of giraffes by a few zebras and a gazelle.
/home/final_dataset/real/COCO/000692.jpg,"The baseball player is participating in an intense game,"
/home/final_dataset/real/COCO/000693.jpg,an image of a female tennis player that is returning a serve
/home/final_dataset/real/COCO/000694.jpg,"Very artistic photograph of a house, a lake and a wooden boat"
/home/final_dataset/real/COCO/000695.jpg,A table topped with a plate of food next to eating utensils.
/home/final_dataset/real/COCO/000696.jpg,A dog sits in the basket of a bicycle leaning against bleachers.
/home/final_dataset/real/COCO/000697.jpg,a dog following a man on his horse in a field
/home/final_dataset/real/COCO/000698.jpg,Bananas in a bushel are displayed over some kind of tail.
/home/final_dataset/real/COCO/000699.jpg,A clock is situated atop a colorful tower.
/home/final_dataset/real/COCO/000700.jpg,A larger zebra resting its head on a smaller zebra.
/home/final_dataset/real/COCO/000701.jpg,two baby animals are play fighting with eat other
/home/final_dataset/real/COCO/000702.jpg,A yacht with people is near a pier on clear water.
/home/final_dataset/real/COCO/000703.jpg,a cat sitting in a chair looking up
/home/final_dataset/real/COCO/000704.jpg,A soccer playing getting ready to kick a ball during a game.
/home/final_dataset/real/COCO/000705.jpg,A row of motorcycles parked next to a building.
/home/final_dataset/real/COCO/000706.jpg,a kitten that is sitting down by a  door
/home/final_dataset/real/COCO/000707.jpg,A bedroom with a bed next to a  night stand with a lamp.
/home/final_dataset/real/COCO/000708.jpg,Group of small children running down the field playing soccer.
/home/final_dataset/real/COCO/000709.jpg,A man sliding into a base next to another baseball player.
/home/final_dataset/real/COCO/000710.jpg,Photography equipment and a light sitting in a room.
/home/final_dataset/real/COCO/000711.jpg,A person is doing a trick over a trash can.
/home/final_dataset/real/COCO/000712.jpg,a cow stares as it stands next to a body of water
/home/final_dataset/real/COCO/000713.jpg,Thin-striped zebras huddle near the wall of their zoo enclosure
/home/final_dataset/real/COCO/000714.jpg,a young man is on his skateboard doing a trick
/home/final_dataset/real/COCO/000715.jpg,A man pokes his head in front of an oven open to baking cookies.
/home/final_dataset/real/COCO/000716.jpg,A very cute looking small dog by some food.
/home/final_dataset/real/COCO/000717.jpg,A woman holding a tennis racquet on a  tennis court.
/home/final_dataset/real/COCO/000718.jpg,People crossing a street in front of a taxi and tour bus.
/home/final_dataset/real/COCO/000719.jpg,A man holding a paper bag while showing the camera a toothbrush.
/home/final_dataset/real/COCO/000720.jpg,A group of people cutting a ribbon on a street.
/home/final_dataset/real/COCO/000721.jpg,A horse standing in a field by a fence.
/home/final_dataset/real/COCO/000722.jpg,A tall clock tower with a statue on top.
/home/final_dataset/real/COCO/000723.jpg,A closet with several suit cases stacked up near some videos.
/home/final_dataset/real/COCO/000724.jpg,A woman talking on a cell phone while holding luggage.
/home/final_dataset/real/COCO/000725.jpg,A street lined with cones with people up and down the sidewalk.
/home/final_dataset/real/COCO/000726.jpg,A boy catches a ball as a player slides to the base.
/home/final_dataset/real/COCO/000727.jpg,A woman with blue hair standing next to a horse.
/home/final_dataset/real/COCO/000728.jpg,Spectators watching as competitors play a double tennis game.
/home/final_dataset/real/COCO/000729.jpg,Many apples and oranges are stacked near to each other.
/home/final_dataset/real/COCO/000730.jpg,A man flying through the air while riding a skateboard.
/home/final_dataset/real/COCO/000731.jpg,A set of three pizzas in a display case.next to desserts.
/home/final_dataset/real/COCO/000732.jpg,A young man sitting on a park bench next to a playground.
/home/final_dataset/real/COCO/000733.jpg,The giraffe is standing in the shade of the tree.
/home/final_dataset/real/COCO/000734.jpg,some elephants and one is by some water
/home/final_dataset/real/COCO/000735.jpg,there is a red stop sign on this street
/home/final_dataset/real/COCO/000736.jpg,A living room filled with furniture and  set of glass doors.
/home/final_dataset/real/COCO/000737.jpg,"A kitchen with a toilet, sink and a bathtub."
/home/final_dataset/real/COCO/000738.jpg,a close up of a person wearing a suit and tie
/home/final_dataset/real/COCO/000739.jpg,the people are all in a restaurant some are sitting
/home/final_dataset/real/COCO/000740.jpg,A man riding a motorcycle with a woman on back of it.
/home/final_dataset/real/COCO/000741.jpg,A man wearing a blue shirt catching a white frisbee.
/home/final_dataset/real/COCO/000742.jpg,A young man taking a swing at a tennis ball.
/home/final_dataset/real/COCO/000743.jpg,A large flower in a vase is sitting on some wood.
/home/final_dataset/real/COCO/000744.jpg,A sign on small post in grass corner of residential parking lot.
/home/final_dataset/real/COCO/000745.jpg,"A metal pole with a traffic light attached, red right arrow illuminated, with green grass, green trees, and white sky in background."
/home/final_dataset/real/COCO/000746.jpg,A red stop sign sitting next to a forest.
/home/final_dataset/real/COCO/000747.jpg,Colorful lights reflect off the items inside this bathroom stall
/home/final_dataset/real/COCO/000748.jpg,A woman and a man sitting on a couch next to each other.
/home/final_dataset/real/COCO/000749.jpg,Green salad with broccoli and peas with fork and bowl
/home/final_dataset/real/COCO/000750.jpg,"A burger sitting on a table, with another next to it."
/home/final_dataset/real/COCO/000751.jpg,A dog hanging out of a back door window.
/home/final_dataset/real/COCO/000752.jpg,The person walking the dog has dressed it in a torn shirt.
/home/final_dataset/real/COCO/000753.jpg,a blue bike parked on a side walk
/home/final_dataset/real/COCO/000754.jpg,A couple of horses by a fence on a field.
/home/final_dataset/real/COCO/000755.jpg,A red apple with a clock inside of it.
/home/final_dataset/real/COCO/000756.jpg,Woman sitting at table with beverages consuming sandwich.
/home/final_dataset/real/COCO/000757.jpg,The brown fuzzy dog has round blue eyes.
/home/final_dataset/real/COCO/000758.jpg,a female is talking on the phone and a laptop on a table
/home/final_dataset/real/COCO/000759.jpg,A white-clad tennis player hurls a ball upward to deliver a serve.
/home/final_dataset/real/COCO/000760.jpg,"A bathroom with a toilet, shower and an hanging chain to flush the toilet."
/home/final_dataset/real/COCO/000761.jpg,some people are sitting on a trolly outside
/home/final_dataset/real/COCO/000762.jpg,"A plate with a peanut butter sandwich, ham, and tomatoes."
/home/final_dataset/real/COCO/000763.jpg,A person on a surfboard in the water.
/home/final_dataset/real/COCO/000764.jpg,A herd of animals grazing on top of a grass field.
/home/final_dataset/real/COCO/000765.jpg,A cluttered room filled with a tv and a kitchen.
/home/final_dataset/real/COCO/000766.jpg,there are many bike riders racing in a street race
/home/final_dataset/real/COCO/000767.jpg,A dog laying on grass near a flying disc.
/home/final_dataset/real/COCO/000768.jpg,A young man riding a skateboard on a stone wall.
/home/final_dataset/real/COCO/000769.jpg,"A man is playing tennis, the ball is coming toward him."
/home/final_dataset/real/COCO/000770.jpg,silohette of a man against  the whiteness of the sky surrounding him
/home/final_dataset/real/COCO/000771.jpg,A group of people sitting under umbrellas drinking beer.
/home/final_dataset/real/COCO/000772.jpg,A painting of a table with fruit on top of it.
/home/final_dataset/real/COCO/000773.jpg,a couple of pictures that have some people and some fire hyrdons
/home/final_dataset/real/COCO/000774.jpg,A soccer player in the midst of kicking a soccer ball.
/home/final_dataset/real/COCO/000775.jpg,Guy takes a picture  of his dog in the backseat through his side mirror.
/home/final_dataset/real/COCO/000776.jpg,a cat sitting in a bathtub not looking amused
/home/final_dataset/real/COCO/000777.jpg,A picture of a large kitchen with white cabinets and appliances.
/home/final_dataset/real/COCO/000778.jpg,"A small desk with lamp, phone, and laptop on it."
/home/final_dataset/real/COCO/000779.jpg,A woman holding a tennis racquet while wearing glasses.
/home/final_dataset/real/COCO/000780.jpg,A parking meter decorated with different colors of paper.
/home/final_dataset/real/COCO/000781.jpg,A large passenger jet sitting on top of an airport runway.
/home/final_dataset/real/COCO/000782.jpg,A red fire hydrant sitting on a sidewalk.
/home/final_dataset/real/COCO/000783.jpg,A baby elephant having fun playing in a river.
/home/final_dataset/real/COCO/000784.jpg,"A keyboard, mouse, and wires on a desk."
/home/final_dataset/real/COCO/000785.jpg,A dog is sitting on the couch in a living room.
/home/final_dataset/real/COCO/000786.jpg,A man riding a horse drawn carriage on a race track.
/home/final_dataset/real/COCO/000787.jpg,A man is swinging a bat a ball being pitched at him.
/home/final_dataset/real/COCO/000788.jpg,A man and a dog on a boat in the water.
/home/final_dataset/real/COCO/000789.jpg,A decorative flower vase with lavender in it.
/home/final_dataset/real/COCO/000790.jpg,a big cat sitting in a little bowl
/home/final_dataset/real/COCO/000791.jpg,A man looking at a laptop with a confused look
/home/final_dataset/real/COCO/000792.jpg,Commercial jet passing overhead on bright cloudless sky.
/home/final_dataset/real/COCO/000793.jpg,An individual is capture in the stillness of the picture.
/home/final_dataset/real/COCO/000794.jpg,a horse is pulling a carriage with people down a street
/home/final_dataset/real/COCO/000795.jpg,A black cat sits in a car and looks out.
/home/final_dataset/real/COCO/000796.jpg,A sign on the side of a busy street outside a shopping center
/home/final_dataset/real/COCO/000797.jpg,a table with many plates of food on top
/home/final_dataset/real/COCO/000798.jpg,A black and white picture of a large house is shown.
/home/final_dataset/real/COCO/000799.jpg,An old motorcycle rests near a rundown building.
/home/final_dataset/real/COCO/000800.jpg,People gathered taking pictures with a cell phone.
/home/final_dataset/real/COCO/000801.jpg,A plate topped with sliced up oranges full of juice.
/home/final_dataset/real/COCO/000802.jpg,A young woman takes a self portrait in the mirror.
/home/final_dataset/real/COCO/000803.jpg,A young man standing on top of a tennis court holding a racquet.
/home/final_dataset/real/COCO/000804.jpg,An empty kitchen in a house with a window in the corner.
/home/final_dataset/real/COCO/000805.jpg,Many cars are parked along the sidewalk of a narrow street.
/home/final_dataset/real/COCO/000806.jpg,A man wearing a hat and a gray jacket.
/home/final_dataset/real/COCO/000807.jpg,A group of people gathered around a table filled with food.
/home/final_dataset/real/COCO/000808.jpg,A woman sitting on top of a park bench in a field.
/home/final_dataset/real/COCO/000809.jpg,A man looks on as he finishes his meal
/home/final_dataset/real/COCO/000810.jpg,A person in the heavy snow on a snowboard.
/home/final_dataset/real/COCO/000811.jpg,A group of people wading around a large body of water.
/home/final_dataset/real/COCO/000812.jpg,A man in a wetsuit surfing a wave on a surf board.
/home/final_dataset/real/COCO/000813.jpg,A large clock tower is yellow and white.
/home/final_dataset/real/COCO/000814.jpg,A man sitting in front of a laptop computer in an office.
/home/final_dataset/real/COCO/000815.jpg,A black refrigerator freezer inside of a kitchen.
/home/final_dataset/real/COCO/000816.jpg,a white dog is sitting in the back of a truck and a mattress
/home/final_dataset/real/COCO/000817.jpg,A person riding a wave on top of a surfboard.
/home/final_dataset/real/COCO/000818.jpg,A person standing on top of a ski covered slope.
/home/final_dataset/real/COCO/000819.jpg,This is a close up photo of a street sign of a cross street.
/home/final_dataset/real/COCO/000820.jpg,a man and woman standing side by side in a kitchen next to a window
/home/final_dataset/real/COCO/000821.jpg,A man holding a baseball bat while standing on a baseball field.
/home/final_dataset/real/COCO/000822.jpg,a close up of many drinks in a fridge
/home/final_dataset/real/COCO/000823.jpg,A girl with some food and drink at a table.
/home/final_dataset/real/COCO/000824.jpg,Many cars parked on a city street with tall buildings in the background.
/home/final_dataset/real/COCO/000825.jpg,An airplane on the runway either just landed or ready to take off.
/home/final_dataset/real/COCO/000826.jpg,A light blue bicycle chained to a pole on the sidewalk in front of a red building.
/home/final_dataset/real/COCO/000827.jpg,A man with a bald head wearing a pair of glases.
/home/final_dataset/real/COCO/000828.jpg,A woman laying on a bathroom floor next to a toilet.
/home/final_dataset/real/COCO/000829.jpg,A close-up picture of a man wearing a tie.
/home/final_dataset/real/COCO/000830.jpg,A person trying to reach a Frisbee in a field with high brown grass.
/home/final_dataset/real/COCO/000831.jpg,Various vehicles are driving down a city street.
/home/final_dataset/real/COCO/000832.jpg,A group of baseball players standing next to a kid on a field.
/home/final_dataset/real/COCO/000833.jpg,four men are posing for a picture at an event
/home/final_dataset/real/COCO/000834.jpg,A bench sitting on the beach near the ocean.
/home/final_dataset/real/COCO/000835.jpg,A sheep standing in a dry grass field.
/home/final_dataset/real/COCO/000836.jpg,teddy bears dressed up in clothing sitting on a loveseat together
/home/final_dataset/real/COCO/000837.jpg,A female statue in a sea of green grass next to plant
/home/final_dataset/real/COCO/000838.jpg,"Closeup of a plate of food that includes chicken, mushrooms and broccoli."
/home/final_dataset/real/COCO/000839.jpg,A kid sitting on a bed with a remote.
/home/final_dataset/real/COCO/000840.jpg,A restaurant with red stools next to a bar  and a blue table.
/home/final_dataset/real/COCO/000841.jpg,a computer desk with a laptop another monitor with a keyboard and mouse
/home/final_dataset/real/COCO/000842.jpg,a person on a tennis court in tennis wear
/home/final_dataset/real/COCO/000843.jpg,A young man pouring glasses of wine in a kitchen
/home/final_dataset/real/COCO/000844.jpg,A boat on the water with a lighthouse in the background.
/home/final_dataset/real/COCO/000845.jpg,Two dogs are playing together on the grass
/home/final_dataset/real/COCO/000846.jpg,A woman sitting at a table with a pizza on a plate.
/home/final_dataset/real/COCO/000847.jpg,A person in a dry area with a sail high in the sky
/home/final_dataset/real/COCO/000848.jpg,A street light in front of a store front window.
/home/final_dataset/real/COCO/000849.jpg,People seated on wooden chairs and a bicycle parked nearby.
/home/final_dataset/real/COCO/000850.jpg,A woman taking pictures on a busy street.
/home/final_dataset/real/COCO/000851.jpg,a number of horses in a field near a building
/home/final_dataset/real/COCO/000852.jpg,An interesting kitchen renovation with brick and wood
/home/final_dataset/real/COCO/000853.jpg,A bluebery cake is on a plate and is topped with butter.
/home/final_dataset/real/COCO/000854.jpg,a group of people throwing around a freez be
/home/final_dataset/real/COCO/000855.jpg,some luggage and a back back sitting on teh ground next to a lap top
/home/final_dataset/real/COCO/000856.jpg,A train traveling down tracks next to a  brick building.
/home/final_dataset/real/COCO/000857.jpg,A woman is steering a boat with a pole.
/home/final_dataset/real/COCO/000858.jpg,A small bird is standing on the concrete
/home/final_dataset/real/COCO/000859.jpg,A close up of a bike brake on a bicycle.
/home/final_dataset/real/COCO/000860.jpg,a fighter het flying up in the air
/home/final_dataset/real/COCO/000861.jpg,A little girl is laying in bed with a book and a cat is next to her.
/home/final_dataset/real/COCO/000862.jpg,A person is flying a biplane in the sky.
/home/final_dataset/real/COCO/000863.jpg,some baseballs players watching a batter at home plate
/home/final_dataset/real/COCO/000864.jpg,A bus stuck in traffic on a busy highway.
/home/final_dataset/real/COCO/000865.jpg,A large clock tower in front of a building next to a fountain.
/home/final_dataset/real/COCO/000866.jpg,A woman sits under the shade of an umbrella at the beach.
/home/final_dataset/real/COCO/000867.jpg,A person tossing an orange frisbee on top of a green field.
/home/final_dataset/real/COCO/000868.jpg,A large jet airplane being loaded with cargo at an airport.
/home/final_dataset/real/COCO/000869.jpg,A herd of elephants standing on a pond of water.
/home/final_dataset/real/COCO/000870.jpg,A man holding up a bunch of root vegetables for sale.
/home/final_dataset/real/COCO/000871.jpg,A double-decker bus is parked in a large field.
/home/final_dataset/real/COCO/000872.jpg,a doll with a bonnet and a book on a pillow
/home/final_dataset/real/COCO/000873.jpg,a man pouring a drink into a wine glass
/home/final_dataset/real/COCO/000874.jpg,A table topped with a smart phone next to a white bag.
/home/final_dataset/real/COCO/000875.jpg,People dressed as zombies walking down the street.
/home/final_dataset/real/COCO/000876.jpg,A herd of elephants splashing and playing in a river.
/home/final_dataset/real/COCO/000877.jpg,Large four sided clock hangs on the corner of the building.
/home/final_dataset/real/COCO/000878.jpg,a white and red plane parked on a tarmac
/home/final_dataset/real/COCO/000879.jpg,a woman standing at the end of a tennis court holding up a racket
/home/final_dataset/real/COCO/000880.jpg,A couple of people standing on top of a green yard.
/home/final_dataset/real/COCO/000881.jpg,A woman holding a child wrapped in a towel brushing her teeth.
/home/final_dataset/real/COCO/000882.jpg,A man holding a stick standing next to a  green hillside.
/home/final_dataset/real/COCO/000883.jpg,Laptop with computer monitors displayed on wooden desk.
/home/final_dataset/real/COCO/000884.jpg,A white and green rusted fire hydrant spewing out frozen water.
/home/final_dataset/real/COCO/000885.jpg,A man holding a bat on top of a field under a light.
/home/final_dataset/real/COCO/000886.jpg,A bathroom with two sinks sitting under mirrors.
/home/final_dataset/real/COCO/000887.jpg,A laptop computer sitting on a desk with a speaker.
/home/final_dataset/real/COCO/000888.jpg,A person looking at their cell phone at another person taking a picture.
/home/final_dataset/real/COCO/000889.jpg,A white plate of food tha includes meat and vegetables.
/home/final_dataset/real/COCO/000890.jpg,A man sitting on a toilet with a cigarette and beer can in hand.
/home/final_dataset/real/COCO/000891.jpg,this is a meal oina wood picnic table
/home/final_dataset/real/COCO/000892.jpg,A cat sitting between two bikes  sitting next to each other.
/home/final_dataset/real/COCO/000893.jpg,A young woman standing in the kitchen pours from a large measuring cup.
/home/final_dataset/real/COCO/000894.jpg,A group of cows standing next to a  line of laundry drying.
/home/final_dataset/real/COCO/000895.jpg,A man standing outside beside a bunch of fruit.
/home/final_dataset/real/COCO/000896.jpg,A 787 airplane is landing at the airport.
/home/final_dataset/real/COCO/000897.jpg,A donut shop is full of different flavors of donuts.
/home/final_dataset/real/COCO/000898.jpg,A hand holding a smart phone with apps on a screen.
/home/final_dataset/real/COCO/000899.jpg,A person adjusting a  metal object hanging from a ceiling.
/home/final_dataset/real/COCO/000900.jpg,A double decker bus is shown that is not in service.
/home/final_dataset/real/COCO/000901.jpg,a kite surfer is flying in the air over some water
/home/final_dataset/real/COCO/000902.jpg,An hand pets a cat in a suitcase.
/home/final_dataset/real/COCO/000903.jpg,A group of people sitting at a table eating food.
/home/final_dataset/real/COCO/000904.jpg,A beautiful woman taking a picture with her smart phone.
/home/final_dataset/real/COCO/000905.jpg,A female horse rider mounted near a body of water and mountains.
/home/final_dataset/real/COCO/000906.jpg,Many small motorbikes are parked along the street.
/home/final_dataset/real/COCO/000907.jpg,A white plate with a slice of cake on top of it.
/home/final_dataset/real/COCO/000908.jpg,People are riding on motorcycles on a scenic road.
/home/final_dataset/real/COCO/000909.jpg,"Street signs, graffiti, old buildings and a bridge."
/home/final_dataset/real/COCO/000910.jpg,A man makes a face while holding a video game controller.
/home/final_dataset/real/COCO/000911.jpg,A group of animals standing on top of a grass covered field.
/home/final_dataset/real/COCO/000912.jpg,A skier posing on a steep snowy hill.
/home/final_dataset/real/COCO/000913.jpg,A para sailor with his board with sail in the surf.
/home/final_dataset/real/COCO/000914.jpg,A vase with various flowers in it sitting on a tiled counter.
/home/final_dataset/real/COCO/000915.jpg,A woman holding a phone in one hand up to her ear.
/home/final_dataset/real/COCO/000916.jpg,a man that is skiing down a snowy slope
/home/final_dataset/real/COCO/000917.jpg,A white plate on a table topped with a sandwich.
/home/final_dataset/real/COCO/000918.jpg,A duck swims in some water near some vegetation.
/home/final_dataset/real/COCO/000919.jpg,A snowboarder with black and white clothes finishing a run.
/home/final_dataset/real/COCO/000920.jpg,A Penn tennis bill resting on a tennis racquet
/home/final_dataset/real/COCO/000921.jpg,Three Asian people are riding on top of an elephant.
/home/final_dataset/real/COCO/000922.jpg,an alley between two buildings with a sky in the background
/home/final_dataset/real/COCO/000923.jpg,there is a male skier going down a hill
/home/final_dataset/real/COCO/000924.jpg,There is a man standing next to the kitchen counter.
/home/final_dataset/real/COCO/000925.jpg,A person sitting on the side of a mountain with a snow board.
/home/final_dataset/real/COCO/000926.jpg,A man is leading a cow with a ribbon on its neck.
/home/final_dataset/real/COCO/000927.jpg,A small room with different types of furniture and appliances that it makes it hard to tell what type of room it is.
/home/final_dataset/real/COCO/000928.jpg,Women that are sitting outside on a patio area and smoking cigarettes.
/home/final_dataset/real/COCO/000929.jpg,A pair of bears climb up in a tree.
/home/final_dataset/real/COCO/000930.jpg,A hybrid diesel-electric commuter bus on the street in England
/home/final_dataset/real/COCO/000931.jpg,The meal is ready on the tray to be eaten.
/home/final_dataset/real/COCO/000932.jpg,a couple of animals walk through the grass
/home/final_dataset/real/COCO/000933.jpg,Yellow Train stopped at the station in front of a bench.
/home/final_dataset/real/COCO/000934.jpg,A colorful truck is driving with a full load of sticks and twigs.
/home/final_dataset/real/COCO/000935.jpg,A woman with large black tear drop earrings and a black dress looks at her cell phone.
/home/final_dataset/real/COCO/000936.jpg,A group of people crossing a street next to tall buildings.
/home/final_dataset/real/COCO/000937.jpg,a green and white bus is on the street
/home/final_dataset/real/COCO/000938.jpg,Two young men standing around a table in front of a chalk board.
/home/final_dataset/real/COCO/000939.jpg,A little child riding on top of a white horse.
/home/final_dataset/real/COCO/000940.jpg,A pregnant woman laying in bed reading a book.
/home/final_dataset/real/COCO/000941.jpg,A girl is playing a game system while other kids look on.
/home/final_dataset/real/COCO/000942.jpg,A bike leaning up to a parking meter.
/home/final_dataset/real/COCO/000943.jpg,A woman standing in a kitchen next to a table.
/home/final_dataset/real/COCO/000944.jpg,Three zebras standing next to each other in a meadow with other zebras visible behind them
/home/final_dataset/real/COCO/000945.jpg,a table that has some bananas on it
/home/final_dataset/real/COCO/000946.jpg,A colorful toilet seat open in a toilet stall
/home/final_dataset/real/COCO/000947.jpg,A child standing completely upright in front of a refrigerator.
/home/final_dataset/real/COCO/000948.jpg,A group of people riding horses on top of a sandy beach.
/home/final_dataset/real/COCO/000949.jpg,A bunch of surfboards that are in the sand.
/home/final_dataset/real/COCO/000950.jpg,A sculpture of two women stting on a bench with their purses on the ground while people standing in a line behind them.
/home/final_dataset/real/COCO/000951.jpg,A teddy bear watching a man with a tennis racket.
/home/final_dataset/real/COCO/000952.jpg,A man flying through the air while skiing.
/home/final_dataset/real/COCO/000953.jpg,A very large elephant standing next to a baby elephant.
/home/final_dataset/real/COCO/000954.jpg,A plate filled with a bowl of vegetables and two slices of bread with a spread on them.
/home/final_dataset/real/COCO/000955.jpg,A young kid is holding a box of pizza.
/home/final_dataset/real/COCO/000956.jpg,A man sitting at a table in front of a plate of food.
/home/final_dataset/real/COCO/000957.jpg,a box full of stuffed animals and other children items
/home/final_dataset/real/COCO/000958.jpg,A person holds a bag while walking on train tracks.
/home/final_dataset/real/COCO/000959.jpg,A plate topped with banana slice covered pan cakes.
/home/final_dataset/real/COCO/000960.jpg,A woman standing next to a young man near a pile of fruit.
/home/final_dataset/real/COCO/000961.jpg,an upclose photo of a cake with chocolate pieces
/home/final_dataset/real/COCO/000962.jpg,A pink city bus at a bus stop.
/home/final_dataset/real/COCO/000963.jpg,A statue with two stuffed animals on top of it sitting in a patch of dirt.
/home/final_dataset/real/COCO/000964.jpg,A white plate served on a multi colored table cloth
/home/final_dataset/real/COCO/000965.jpg,A stop sign on a post at a public street.
/home/final_dataset/real/COCO/000966.jpg,A white sink in a corner underneath a small mirror and light.
/home/final_dataset/real/COCO/000967.jpg,a red and blue plan on the runway getting ready to get passengers
/home/final_dataset/real/COCO/000968.jpg,People are in the water with kites flying over them.
/home/final_dataset/real/COCO/000969.jpg,"An orange and white cat, a grey cat and a black cat on a bed with a blue and green cover."
/home/final_dataset/real/COCO/000970.jpg,A barbed wire fence has a teddy bear in it.
/home/final_dataset/real/COCO/000971.jpg,A dog rests his head on the edge of a boat at sea.
/home/final_dataset/real/COCO/000972.jpg,The shiny motorcycle has been put on display.
/home/final_dataset/real/COCO/000973.jpg,a public transit bus on a city street
/home/final_dataset/real/COCO/000974.jpg,Two boats are floating on the river near the shore.
/home/final_dataset/real/COCO/000975.jpg,A bird walking past a white car in a lot
/home/final_dataset/real/COCO/000976.jpg,These two cats are playing in a room that has a large TV and a laptop computer.
/home/final_dataset/real/COCO/000977.jpg,Two trains passing each other on seperate tacks.
/home/final_dataset/real/COCO/000978.jpg,A young man bending next to a toilet.
/home/final_dataset/real/COCO/000979.jpg,A woman exercising a brown horse in a riding ring.
/home/final_dataset/real/COCO/000980.jpg,A brown bird perched on top of a metal fence.
/home/final_dataset/real/COCO/000981.jpg,A black cat with a hat on the ground.
/home/final_dataset/real/COCO/000982.jpg,a road sign showing to stop on the road near a forest
/home/final_dataset/real/COCO/000983.jpg,A horse pulling  carriage travels through a busy area in a city
/home/final_dataset/real/COCO/000984.jpg,I am unable to see an image above.
/home/final_dataset/real/COCO/000985.jpg,"An orange and green train reads ""BNSF"" on the side."
/home/final_dataset/real/COCO/000986.jpg,A cat is observing the dishwasher in the kitchen.
/home/final_dataset/real/COCO/000987.jpg,there are many zebras walking on the side of this road
/home/final_dataset/real/COCO/000988.jpg,Two Asian women eating chili dogs while standing on a street.
/home/final_dataset/real/COCO/000989.jpg,A man standing on a clay tennis court with a racquet.
/home/final_dataset/real/COCO/000990.jpg,A man prepares to cross the street at a crosswalk
/home/final_dataset/real/COCO/000991.jpg,An old fashioned steam engine train traveling down railroad tracks.
/home/final_dataset/real/COCO/000992.jpg,A horse drawn buggy sits in front of pyramid shaped mosques.
/home/final_dataset/real/COCO/000993.jpg,A parking meter sitting next to a tall tree.
/home/final_dataset/real/COCO/000994.jpg,A vendor has lots of different vases for sale.
/home/final_dataset/real/COCO/000995.jpg,A long red train traveling through snow covered country side.
/home/final_dataset/real/COCO/000996.jpg,A person skiing down a slope next to snow covered trees.
/home/final_dataset/real/COCO/000997.jpg,A stop sign has been placed upside-down in the grass beside a building.
/home/final_dataset/real/COCO/000998.jpg,Two pink flowers in oddly shaped wood vase.
/home/final_dataset/real/COCO/000999.jpg,A large green bird feeder with a bird on it.